,County,Year,ETo (in),Precip (in),Sol Rad (Ly/day),Avg Vap Pres (mBars),Max Air Temp (F),Min Air Temp (F),Avg Air Temp (F),Max Rel Hum (%),Min Rel Hum (%),Avg Rel Hum (%),Dew Point (F),Avg Wind Speed (mph),Avg Soil Temp (F)
0,Alameda,2013,100.46999999999991,8.369999999999997,428.3008241758242,10.923076923076914,103.4,20.9,57.32074175824183,100.0,11.0,66.5013812154696,45.552071823204464,3.295329670329668,60.82774725274732
1,Alameda,2014,100.44999999999995,36.63000000000001,410.66117969821676,11.995068493150677,101.6,28.8,60.16913580246914,100.0,7.0,67.19368131868131,48.52129120879119,3.413150684931508,63.18863013698625
2,Alameda,2015,99.20000000000006,23.459999999999997,412.0904109589041,11.686575342465751,103.7,25.1,59.291083676268855,100.0,7.0,67.14738292011019,47.72258953168044,3.3101369863013725,62.70986301369856
3,Alameda,2016,96.10000000000005,45.65000000000003,397.99316005471957,11.668399452804378,102.7,25.6,59.024623803009575,99.0,9.0,68.48351648351648,48.035851648351574,3.323255813953487,63.18372093023256
4,Alameda,2017,95.8,51.340000000000124,367.37235772357724,10.864332247557005,111.1,26.6,57.83617021276592,100.0,7.0,65.23378839590444,45.00068259385665,3.263166397415186,60.9030894308943
5,Alameda,2018,132.60000000000014,40.310000000000095,437.5258799171843,11.453519668737059,99.3,19.9,57.5423395445135,100.0,9.0,69.96687370600414,47.29140786749482,3.950828157349891,61.80631469979295
6,Alameda,2019,141.8700000000001,57.87000000000009,430.44684854186266,11.761335841956715,101.6,26.8,57.89623706491065,100.0,9.0,70.88334901222954,47.97704609595478,3.985042333019755,60.73621825023519
7,Alameda,2020,116.03999999999988,24.829999999999973,494.15426251691474,11.9598105548038,108.8,28.3,59.092828146143376,100.0,8.0,69.36941813261164,48.47929634641408,4.134100135317997,62.526928281461416
8,Alpine,2014,0.0,12.079999999999995,381.93037974683546,5.827848101265823,97.4,10.4,54.297402597402595,100.0,4.0,42.94155844155844,30.024836601307186,7.3246835443038,57.210126582278484
9,Alpine,2015,0.0,37.040000000000006,415.11570247933884,5.773553719008262,96.3,-1.8,50.87257617728527,100.0,4.0,47.125,28.975277777777784,6.8487603305785125,51.67793296089387
10,Alpine,2016,0.0,57.91000000000001,443.2103825136612,5.16857923497268,98.7,-3.6,50.71284153005471,100.0,4.0,44.50273224043716,26.830601092896174,7.88142076502733,49.26311475409839
11,Alpine,2017,0.0,92.32000000000002,433.62191780821917,5.809863013698627,97.1,2.4,49.55972602739725,98.0,5.0,48.16528925619835,28.997520661157036,7.646027397260282,51.19196675900278
12,Alpine,2019,33.82999999999998,5.56,460.73056994818654,5.764766839378233,92.0,4.6,50.38860103626944,99.0,9.0,46.461139896373055,28.563730569948163,7.091191709844557,51.31917098445599
13,Alpine,2020,47.240000000000016,7.599999999999998,494.196,5.687200000000001,95.5,2.6,51.297999999999966,99.0,7.0,44.064,28.673199999999994,7.627999999999998,50.794799999999974
14,Amador,2013,51.670000000000016,6.64,439.62745098039215,8.311484593837532,103.5,20.8,56.52941176470587,100.0,11.0,53.9327731092437,38.57086834733894,3.2064425770308125,61.269187675070015
15,Amador,2014,52.50000000000002,29.270000000000007,433.6931506849315,9.313972602739726,100.5,23.9,59.5394520547945,100.0,10.0,54.67493112947658,41.36336088154271,3.2367123287671205,63.40767123287671
16,Amador,2015,51.019999999999996,21.029999999999994,429.26849315068495,9.362739726027392,101.0,24.1,58.388767123287714,100.0,9.0,58.244505494505496,41.94945054945052,3.12191780821918,62.506575342465744
17,Amador,2016,50.68000000000003,65.33000000000001,411.73224043715845,8.677868852459012,100.5,24.9,57.47923497267759,100.0,5.0,55.68767123287671,39.91726027397262,3.220218579234972,61.7068306010928
18,Amador,2017,48.26999999999999,46.91000000000001,381.3643835616438,9.137808219178082,104.9,26.1,58.29178082191775,100.0,10.0,55.92307692307692,40.67472527472531,3.323835616438357,61.8619178082192
19,Amador,2018,50.47999999999998,24.760000000000005,404.6190476190476,8.263025210084031,100.4,21.2,57.9204481792717,100.0,6.0,49.99439775910364,38.01092436974793,3.2131652661064396,62.01428571428572
20,Amador,2019,49.319999999999986,41.40999999999999,398.4194444444444,8.180833333333338,99.1,25.8,57.270277777777764,100.0,7.0,49.34722222222222,37.42000000000003,3.3913888888888897,61.765833333333276
21,Amador,2020,42.510000000000026,14.43,482.420233463035,9.17315175097277,106.2,25.3,60.81089494163421,99.0,10.0,48.552529182879375,40.43151750972764,3.129182879377434,63.505447470817096
22,Butte,2013,51.43999999999999,9.329999999999998,427.1923076923077,11.56868131868132,105.5,19.4,59.51895604395608,100.0,0.0,62.78512396694215,46.00909090909088,3.3604395604395605,60.376373626373635
23,Butte,2014,49.39000000000004,21.59,414.62258953168043,13.954419889502775,115.1,27.4,62.99972375690607,100.0,0.0,69.18571428571428,51.04057142857136,3.176584022038566,61.80550964187328
24,Butte,2015,80.61999999999989,13.549999999999997,430.5943060498221,12.021428571428583,106.8,23.6,62.68425760286227,100.0,0.0,69.6135831381733,48.82599531615919,3.2555309734513265,64.55284697508898
25,Butte,2016,99.74999999999997,47.140000000000015,423.6693989071038,13.42745901639343,110.5,25.3,62.134289617486345,100.0,13.0,69.1440329218107,51.221262002743465,3.6290983606557403,63.185928961748594
26,Butte,2017,104.45999999999994,44.00000000000003,425.8767123287671,13.77506849315071,115.4,27.8,63.31854395604391,100.0,12.0,66.7726618705036,50.14633093525182,3.899452054794521,62.79657534246579
27,Butte,2018,95.48000000000003,34.37000000000002,423.3391557496361,12.655895196506554,115.9,22.6,61.461572052401756,100.0,1.0,65.58951965065502,49.0049490538573,3.512227074235805,61.89650655021844
28,Butte,2019,98.34000000000007,56.600000000000016,424.3328729281768,12.621132596685092,103.9,26.7,60.62707182320437,100.0,1.0,67.6671270718232,49.05676795580114,3.685911602209949,61.37334254143648
29,Butte,2020,91.35,9.439999999999994,484.508896797153,14.02989323843416,109.7,28.5,64.73932384341644,100.0,8.0,64.3540925266904,51.72384341637011,3.5562277580071147,64.93914590747336
30,Colusa,2016,16.029999999999998,5.510000000000001,342.9862068965517,12.123308270676695,102.6,25.7,59.486206896551714,100.0,13.0,72.71428571428571,48.61278195488724,4.4030075187969935,61.64620689655175
31,Colusa,2017,54.20999999999998,16.750000000000018,412.53972602739725,12.781095890410949,109.0,26.9,62.219999999999985,100.0,10.0,64.94722222222222,49.01611111111111,5.470684931506853,61.73013698630143
32,Colusa,2018,52.74000000000001,9.269999999999998,406.6343490304709,12.259833795013858,103.2,21.8,61.29390581717449,100.0,8.0,63.85872576177285,47.93684210526319,5.0146814404432165,61.60110803324097
33,Colusa,2019,52.79000000000004,19.290000000000003,430.23512747875355,12.798866855524084,109.2,26.8,61.18583569405101,100.0,0.0,67.6798866855524,49.266855524079354,5.5878186968838515,62.32407932011334
34,Colusa,2020,46.42000000000001,1.6500000000000001,481.96062992125985,13.354724409448826,109.5,29.2,64.56929133858267,100.0,12.0,62.06299212598425,50.34015748031498,5.464173228346451,63.61456692913386
35,Contra Costa,2013,166.59999999999977,14.499999999999991,440.18694885361555,10.257495590828924,105.5,18.5,57.75176366843032,100.0,0.0,61.529982363315696,43.74074074074069,4.273192239858905,59.34102564102567
36,Contra Costa,2014,201.7499999999996,108.42000000000026,418.21403991741226,11.424725274725278,104.5,21.2,59.18825155494125,100.0,0.0,67.00832177531207,47.08536754507627,4.431662087912097,61.74294562973161
37,Contra Costa,2015,201.45999999999987,57.01000000000007,422.3595890410959,11.664948453608233,105.6,4.3,58.928466076696125,100.0,5.0,68.96598639455782,47.75449735449731,4.407191780821914,61.27363013698625
38,Contra Costa,2016,218.2699999999999,119.19000000000032,411.24642190416927,12.50575719649564,104.4,20.8,58.82924704418163,100.0,10.0,71.74950690335305,48.96907894736841,4.741099312929415,61.11312189054723
39,Contra Costa,2017,250.76000000000033,124.53000000000029,407.3787185354691,11.76249999999999,107.4,12.5,59.007233065442044,100.0,11.0,68.2170818505338,47.33618030842229,5.042824601366751,61.15527842227388
40,Contra Costa,2018,232.59000000000017,74.29000000000013,424.7156454491374,11.262998215347986,103.5,24.5,58.175371802498454,100.0,0.0,68.11183819155265,46.494348602022605,4.538726948245098,60.19214753123151
41,Contra Costa,2019,239.88999999999962,108.86000000000018,423.4190966266438,11.605831903945091,105.5,23.3,58.38662092624347,100.0,8.0,69.4865637507147,47.36335048599205,5.006003430531732,60.77175528873645
42,Contra Costa,2020,206.21999999999983,31.73,497.85102880658434,11.721399176954753,108.0,12.5,60.45637860082311,100.0,6.0,65.27242798353909,47.675473251028826,5.299835390946513,62.22436213991779
43,El Dorado,2013,118.72999999999993,16.019999999999996,457.7706043956044,7.925961538461535,102.3,19.2,59.51112637362634,98.0,9.0,46.520604395604394,37.01318681318676,4.4971153846153795,58.244093406593365
44,El Dorado,2014,116.78999999999998,67.76,435.6107290233838,8.469041095890415,99.7,26.6,61.22861072902331,97.0,8.0,48.46969696969697,39.068595041322304,4.742191780821921,59.925447042641075
45,El Dorado,2015,116.43000000000005,46.240000000000016,427.96849315068494,8.333561643835624,99.7,27.3,60.76027397260271,96.0,8.0,48.11934156378601,38.747736625514406,4.60972602739726,59.88000000000006
46,El Dorado,2016,113.04000000000018,81.1,431.23333333333335,8.36833333333333,100.7,26.1,60.15208333333328,95.0,7.0,51.30362116991643,39.30069637883008,4.7375000000000025,59.3804166666666
47,El Dorado,2017,110.77000000000002,99.35000000000004,423.53972602739725,8.586126373626378,104.3,15.2,59.99328767123288,100.0,8.0,51.290633608815426,39.338016528925635,4.555082417582421,58.71657534246576
48,El Dorado,2018,113.58000000000004,59.43,447.8563458856346,8.339748953974896,100.0,20.0,59.94281729428174,100.0,5.0,49.53556485355649,38.49149232914922,4.421617852161782,58.964156206415645
49,El Dorado,2019,105.68000000000012,72.94,425.0056179775281,9.874297752808978,103.3,23.5,59.644522471910065,100.0,9.0,57.912921348314605,42.787499999999966,4.779213483146069,57.70126404494381
50,El Dorado,2020,80.21000000000002,32.7,479.1480686695279,9.936695278969951,113.9,28.7,62.07532188841202,100.0,6.0,54.371244635193136,43.18175965665239,4.462660944206008,59.61502145922744
51,Fresno,2013,504.3999999999992,23.589999999999982,459.08089500860586,10.266792842395057,109.1,13.9,62.67023399862347,100.0,6.0,53.01776384535005,43.453187042842075,4.598176187198896,62.66254733218598
52,Fresno,2014,507.32999999999873,50.57000000000002,451.1370100589664,10.69812695109263,110.2,25.7,65.57390700902164,100.0,1.0,51.70107751129649,45.08022245394502,4.622199098161635,65.0650589868147
53,Fresno,2015,487.81999999999937,44.990000000000045,437.3397326019883,10.493555022283171,108.8,22.7,64.29053822420276,100.0,0.0,53.582874828060525,44.826134800550136,4.440829619472066,64.65936420179688
54,Fresno,2016,492.14000000000004,83.72000000000001,442.55122950819674,10.415027322404375,109.9,23.9,64.09067622950799,100.0,0.0,54.42950481430537,44.95381705639607,4.422096994535517,65.11360568383652
55,Fresno,2017,486.0099999999991,74.32999999999997,428.9989708404803,10.400205831903946,114.8,19.3,63.94404802744429,100.0,6.0,52.687133494308384,44.34936184891343,4.642469982847339,65.22088339222604
56,Fresno,2018,484.2999999999995,58.330000000000005,459.4931746587329,10.396009800490022,106.7,22.7,63.64784739236967,100.0,0.0,53.16135806790339,44.4140357017851,4.296394819741001,64.42849142457133
57,Fresno,2019,465.42999999999955,77.31000000000003,464.2555034283652,10.797149043666558,108.7,22.8,63.23367015517857,100.0,1.0,55.79971129556117,45.394117647058785,4.5240346445326685,64.73922771562614
58,Fresno,2020,377.2300000000009,31.659999999999975,522.5784823284823,11.409355509355503,112.8,21.8,66.54106029106033,100.0,0.0,52.9054054054054,46.96003118503124,4.598336798336798,67.7939708939708
59,Humboldt,2019,12.209999999999983,12.069999999999997,314.3943661971831,12.729577464788736,78.2,29.6,53.592253521126736,100.0,36.0,88.7605633802817,50.28169014084508,5.2098591549295765,58.56971830985916
60,Humboldt,2020,28.55000000000002,16.24,414.4828897338403,12.501140684410641,78.2,29.2,52.410266159695766,100.0,49.0,91.24809160305344,49.84961832061065,5.41749049429658,58.76197718631177
69,Inyo,2013,61.22000000000005,3.739999999999998,480.2518315018315,5.524495412844044,110.1,1.7,58.40091575091577,100.0,0.0,32.9196675900277,27.056232686980614,6.208882783882777,56.91650692225777
70,Inyo,2014,60.579999999999984,9.499999999999998,477.09383886255927,5.778812785388131,107.1,6.4,60.20722781335781,100.0,3.0,33.47037037037037,28.59777777777774,6.096255707762554,61.54949026876736
71,Inyo,2015,61.639999999999965,8.70999999999999,489.50867579908675,5.965114155251144,107.1,3.8,59.53244729605868,100.0,3.0,34.06809701492537,28.77285447761194,6.152511415525114,61.19616438356167
72,Inyo,2016,61.960000000000036,8.609999999999989,497.1731996353692,5.6954421148587056,109.9,3.8,60.09488117001819,100.0,3.0,34.36077705827937,28.764847363552292,6.137374658158619,61.215223336371864
73,Inyo,2017,58.610000000000056,18.95,497.4321462945139,6.527237728585181,109.1,5.9,59.456111645813294,100.0,2.0,37.53748782862707,31.340701071080773,6.069008662175159,59.84167468719917
74,Inyo,2018,59.010000000000005,2.7800000000000002,480.064606741573,6.2561797752808985,104.7,9.6,56.6609550561798,100.0,3.0,36.70786516853933,29.234550561797757,3.3626404494382025,58.27752808988766
75,Inyo,2019,59.68000000000008,6.839999999999996,468.2369791666667,6.12473958333333,99.0,8.7,54.60130208333334,100.0,0.0,39.872395833333336,25.773177083333362,3.1812499999999964,55.92317708333329
76,Inyo,2020,51.42000000000003,1.3100000000000003,539.7913669064748,6.424820143884892,101.7,9.6,60.31978417266189,99.0,4.0,34.28776978417266,30.90287769784172,3.6694244604316566,57.97050359712229
77,Kern,2013,200.76000000000013,9.389999999999999,453.06083333333333,10.111435726210342,108.6,17.3,62.23619683069218,100.0,-17.0,52.54553049289891,43.29582289055975,3.970033388981641,63.40033333333318
78,Kern,2014,254.59000000000046,72.4900000000002,462.0191912268677,10.716997943797132,106.4,19.3,64.85802469135807,100.0,6.0,52.375,45.24869505494504,4.012268677176147,66.26995884773658
79,Kern,2015,242.74000000000004,18.569999999999993,455.1335187760779,11.443949930458956,106.8,19.0,64.45873347251222,100.0,8.0,56.0266106442577,46.875770308123236,3.939777468706538,66.62018881626724
80,Kern,2016,246.94000000000057,25.01000000000001,450.8907967032967,11.088118131868136,111.2,21.8,64.56009615384613,100.0,6.0,55.90545203588682,46.5664364640883,3.9370192307692267,66.05329670329668
81,Kern,2017,242.29,15.479999999999986,443.04536082474226,11.488109965635735,110.9,10.5,64.62175414364631,100.0,6.0,55.6711079943899,46.779593267882255,3.965498281786947,67.28368891947682
82,Kern,2018,235.79000000000065,20.56999999999998,450.75719298245616,10.556350877192994,106.2,20.0,63.17740350877176,100.0,4.0,53.57333333333333,44.426736842105285,4.144701754385975,65.66687719298258
83,Kern,2019,296.76000000000033,64.22999999999999,479.12663495838285,10.219916765755046,108.8,19.0,64.10856123662305,100.0,3.0,51.12068965517241,43.39120095124851,4.442925089179549,66.40677764565986
84,Kern,2020,259.8300000000005,27.59999999999998,525.2734314484895,10.503330751355547,115.1,20.7,66.9905499612703,100.0,0.0,48.553059643687064,44.25050348567004,4.510069713400464,68.9632842757552
85,Kings,2013,67.06999999999992,2.24,464.831955922865,9.948626373626375,105.9,18.8,63.26236263736261,100.0,13.0,49.52197802197802,42.82884615384618,5.293131868131871,62.03461538461542
86,Kings,2014,66.72000000000001,5.139999999999996,461.2630136986301,10.515342465753426,108.2,26.7,66.12904109589041,100.0,0.0,50.298630136986304,45.017534246575345,4.9147945205479475,65.69643835616434
87,Kings,2015,63.50999999999998,4.199999999999999,446.15342465753423,10.98520547945205,106.1,23.9,64.9569863013699,100.0,0.0,54.11019283746556,45.978236914600565,4.950410958904105,64.91287671232877
88,Kings,2016,65.42000000000004,6.509999999999998,456.14207650273227,11.040983606557372,107.4,25.7,65.14043715846996,100.0,10.0,55.70879120879121,46.663186813186805,5.089344262295085,64.97513661202187
89,Kings,2017,65.17000000000009,5.259999999999999,461.56111111111113,11.113927576601672,108.4,22.7,64.6455555555556,100.0,9.0,54.82072829131653,46.15378151260503,5.131476323119779,63.40083333333335
90,Kings,2018,63.59999999999995,3.3799999999999994,453.1022099447514,10.674861878453042,105.2,25.8,64.41325966850826,100.0,0.0,53.5939226519337,45.23066298342544,5.008839779005521,64.29502762430943
91,Kings,2019,59.34,9.789999999999997,416.14246575342463,11.111506849315068,106.3,25.3,63.924657534246606,100.0,9.0,56.64931506849315,46.34876712328765,5.026575342465746,64.60712328767124
92,Kings,2020,49.16999999999996,2.979999999999999,523.0325203252032,12.001626016260163,110.3,25.8,66.8630081300813,100.0,0.0,54.113821138211385,47.97439024390246,5.098373983739835,65.18373983739835
93,Los Angeles,2013,585.5699999999993,40.279999999999994,448.6434279415817,10.350647204626803,110.5,9.6,62.793248828878525,100.0,0.0,51.038658328595794,41.9098351335986,4.157583264519675,63.35875530410175
94,Los Angeles,2014,595.839999999999,73.95000000000002,452.8824013157895,10.88394520547945,107.7,16.1,64.88327382587204,100.0,0.0,52.518746502518184,44.50887209627766,3.8651602300739576,65.04024848309743
95,Los Angeles,2015,584.7099999999999,69.36000000000001,436.30461133069826,11.234466403162047,108.4,11.5,64.21257263602746,100.0,6.0,53.83029978586724,45.10661311914319,3.7803425559947295,65.06266629711752
96,Los Angeles,2016,581.3299999999966,113.44000000000023,454.61280402571987,11.208711484593822,111.9,12.7,64.25026798307483,100.0,1.0,55.23369878822851,44.786728216964725,3.805883993307309,64.30126618705056
97,Los Angeles,2017,582.9700000000014,142.26000000000028,458.0195911413969,11.504747015349604,111.9,14.1,64.75264361246067,100.0,1.0,55.37239117471675,45.149045915325,3.797156667614456,64.34606936416179
98,Los Angeles,2018,633.7699999999984,101.31000000000004,467.3876404494382,11.00730337078654,113.9,15.7,63.84272216547512,100.0,0.0,53.07124616956077,44.40209397344221,3.9528855975485198,64.69908069458626
99,Los Angeles,2019,553.7700000000013,196.67999999999992,454.3899560922064,11.335647639956079,119.8,12.5,62.013611416026386,100.0,2.0,59.339462129527995,45.58479692645445,4.074972557628975,62.88644346871567
100,Los Angeles,2020,490.4900000000004,58.51000000000002,515.501320256507,11.967936627687656,121.2,16.0,66.0809128630706,100.0,1.0,55.49830252734817,47.50380988306298,4.184194643530731,64.98012070916658
101,Marin,2013,101.92999999999988,10.749999999999996,441.2925824175824,10.623214285714292,99.9,16.8,55.67032967032967,100.0,-5.0,69.30013831258644,45.20843706777316,4.45631868131868,59.98804945054945
102,Marin,2014,97.52000000000002,39.11000000000002,423.1013698630137,12.200273972602742,99.5,23.0,57.839972337482756,100.0,9.0,73.75069252077563,49.00138504155121,4.219726027397261,63.109178082191725
103,Marin,2015,100.56999999999998,15.249999999999988,442.7668097281831,12.14563662374821,100.0,21.1,58.30717360114786,100.0,10.0,72.23959827833572,48.983213773314134,4.431473533619457,64.02234957020052
104,Marin,2016,95.31999999999998,41.38000000000001,417.8606557377049,12.01393442622951,98.4,22.8,57.35759233926122,98.0,13.0,74.50343878954608,48.932462173314946,4.159016393442618,62.94030054644808
105,Marin,2017,94.38999999999994,78.65000000000002,418.87168758716876,11.661506276150623,107.4,22.7,57.39033613445377,99.0,10.0,71.95163584637268,47.65519203413939,3.3555090655509074,61.94198047419806
106,Marin,2018,96.11999999999999,28.94999999999999,422.8269230769231,11.442719780219802,99.0,22.7,56.18420329670329,99.0,10.0,73.32417582417582,47.37046703296701,4.172115384615388,62.16950549450549
107,Marin,2019,94.69999999999985,79.19000000000007,429.27437325905294,11.818802228412261,98.3,22.9,56.69693593314757,100.0,11.0,74.26462395543176,48.11727019498608,4.493454038997212,60.385097493036305
108,Marin,2020,77.97000000000004,6.239999999999998,500.5101214574899,11.87307692307692,104.9,28.0,57.450202429149726,100.0,14.0,72.78137651821862,48.368218623481795,4.454251012145751,62.00445344129559
109,Mendocino,2013,56.60999999999997,5.98,477.90934065934067,9.7526170798898,106.8,15.2,55.84655647382922,96.0,7.0,62.19834710743802,42.440495867768625,3.8667582417582413,59.02369146005509
110,Mendocino,2014,52.9,41.40999999999999,463.73424657534247,11.354520547945206,104.4,19.5,58.80824175824174,98.0,0.0,65.35911602209944,44.654972375690576,3.2041095890410953,60.7339726027397
111,Mendocino,2015,53.290000000000056,28.40000000000001,450.55342465753426,9.776438356164384,106.3,16.7,58.15068493150688,96.0,0.0,56.430939226519335,31.98011049723757,3.491232876712328,60.58273972602736
112,Mendocino,2016,50.240000000000045,47.569999999999965,427.74863387978144,11.49016393442622,105.0,22.4,57.88333333333334,96.0,12.0,70.31506849315069,47.60575342465754,3.671311475409836,60.88551912568305
113,Mendocino,2017,45.57999999999993,40.38,381.8,11.16253687315634,111.3,22.4,56.53372781065082,97.0,8.0,70.78947368421052,46.6396284829721,3.3632478632478646,60.32738095238094
114,Mendocino,2018,25.370000000000022,4.590000000000001,512.9251700680272,10.941496598639446,105.3,20.6,58.112925170068,100.0,13.0,66.48979591836735,46.10544217687079,3.890476190476194,58.57619047619047
115,Mendocino,2019,40.04000000000004,12.489999999999998,462.2350597609562,11.534661354581665,105.7,21.3,60.410358565737035,97.0,9.0,63.254980079681275,47.16932270916331,3.6924302788844603,61.745019920318725
116,Mendocino,2020,46.73000000000001,7.859999999999992,454.0313588850174,11.464808362369336,112.9,23.2,60.939372822299596,97.0,13.0,62.44250871080139,47.27003484320562,3.6790940766550517,60.51533101045294
117,Merced,2013,118.82000000000008,44.83,454.06280193236717,10.074095238095243,107.3,13.7,59.92180952380953,100.0,6.0,56.64380952380952,43.34247619047616,4.764,63.372545281220226
118,Merced,2014,119.65000000000003,22.590000000000003,437.4097158570119,10.55288725939505,106.4,20.7,62.67442713107241,100.0,5.0,55.942254812098994,45.13033913840516,4.674382433668801,65.50678776290633
119,Merced,2015,109.3800000000001,26.15000000000002,428.65625,10.413431462741476,106.3,19.3,61.508003679852806,100.0,8.0,58.0,44.82677746999078,3.857904411764707,65.09372659176029
120,Merced,2016,114.51999999999994,38.730000000000004,435.44197292069634,10.947292069632512,106.7,20.4,61.670212765957466,100.0,7.0,60.72594752186589,46.368513119533425,4.497678916827851,65.62865440464675
121,Merced,2017,112.47999999999996,31.540000000000006,435.70512820512823,11.251559633027524,108.9,19.0,61.5333643122676,100.0,6.0,61.08075117370892,46.62638497652582,4.506868131868137,64.14316279069772
122,Merced,2018,112.13000000000001,18.229999999999997,439.55354659248957,11.346036161335185,103.2,18.6,60.73699582753829,100.0,11.0,63.04311543810849,46.95424200278172,4.4095966620306,60.360917941585484
123,Merced,2019,108.45999999999992,27.220000000000006,439.4726507713885,11.5765778401122,104.8,22.9,60.41122019635339,100.0,14.0,64.57363253856943,47.47755960729312,4.600701262272093,61.62917251051892
124,Merced,2020,80.89000000000001,7.840000000000001,488.07234042553193,12.120425531914892,105.7,23.0,62.69042553191494,100.0,14.0,62.714893617021275,48.74659574468083,4.824680851063832,60.70361702127653
125,Modoc,2013,48.360000000000056,5.1199999999999966,417.8448753462604,6.095027624309385,101.3,-15.0,45.10718232044198,100.0,10.0,58.052486187845304,29.712154696132593,4.750552486187845,50.0675141242938
126,Modoc,2014,49.42000000000003,10.719999999999995,401.3150684931507,6.52986301369863,100.3,4.2,49.10547945205482,98.0,8.0,55.61643835616438,32.33726027397261,5.210410958904108,52.15840220385679
127,Modoc,2015,47.690000000000026,14.119999999999989,395.4986301369863,6.849589041095893,99.3,-12.3,48.488219178082225,98.0,8.0,58.27823691460055,33.368595041322315,4.579999999999999,51.72164383561647
128,Modoc,2016,48.6,10.979999999999988,400.620218579235,6.702185792349728,97.4,-12.1,47.75846994535521,97.0,9.0,60.120879120879124,33.35467032967031,5.231967213114753,52.114480874316975
129,Modoc,2017,47.110000000000035,13.489999999999998,391.1890410958904,6.910958904109597,99.3,-21.1,47.33780821917809,97.0,9.0,60.77685950413223,33.599173553719034,5.292054794520544,51.43863013698627
130,Modoc,2018,47.480000000000054,12.699999999999992,415.82093663911843,6.769146005509637,98.5,-4.3,47.17134986225898,99.0,5.0,59.88154269972452,32.86666666666669,4.685674931129477,51.021212121212166
131,Modoc,2019,47.18000000000005,12.419999999999991,423.34615384615387,6.922252747252743,90.9,-2.2,46.45000000000001,99.0,7.0,62.62637362637363,33.37857142857143,4.943956043956044,50.58269230769228
132,Modoc,2020,43.670000000000016,5.939999999999998,499.77272727272725,6.903030303030307,99.5,3.5,51.03636363636363,99.0,5.0,54.21969696969697,33.56249999999999,4.981060606060605,52.94204545454548
133,Monterey,2013,357.58999999999907,32.51999999999997,420.5185853482497,10.869780021637219,103.8,17.7,54.40367700072106,100.0,8.0,73.51939416328038,45.78913926856314,4.481795241528478,60.621278140886055
134,Monterey,2014,369.07,112.39000000000028,398.9342739160358,11.996108815426984,102.8,25.2,57.692405937176446,100.0,6.0,73.2184146763586,48.54967116649355,4.712736660929432,63.00884377150732
135,Monterey,2015,371.10000000000036,65.06000000000024,405.303840877915,12.135896551724118,107.7,23.6,57.08622608695645,100.0,8.0,74.77875483644038,48.73345058037293,4.767910958904107,62.45431506849301
136,Monterey,2016,358.29,118.44000000000024,400.2834645669291,12.079330708661395,103.8,24.2,56.140975935828905,100.0,7.0,78.21392190152801,49.100237691001695,4.744914698162736,61.31827427821521
137,Monterey,2017,387.1399999999993,135.81000000000043,411.465564738292,12.07530750307506,114.6,21.0,57.153273067331675,100.0,0.0,74.6459981018665,48.48614362543492,5.236639118457293,61.60370938074822
138,Monterey,2018,379.7800000000002,106.38000000000005,420.38654583478564,12.048065528058563,108.7,25.1,56.74667131404689,100.0,7.0,75.72708260718021,48.76660857441624,4.8794353433251985,61.00306727082613
139,Monterey,2019,362.53000000000003,152.5800000000002,418.58410548823946,12.151104775481107,103.9,24.5,56.57747683535287,100.0,0.0,76.77940128296507,48.93820384889527,4.903385602280834,61.132893799002154
140,Monterey,2020,321.12000000000126,59.19999999999998,459.553730017762,13.002708703374775,109.5,23.8,57.79933392539975,100.0,0.0,78.57504440497335,50.89547069271759,4.633037300177613,62.73388099467154
141,Napa,2013,102.21000000000008,9.519999999999998,424.5508241758242,10.633104395604398,103.7,17.6,56.36634615384619,98.0,0.0,66.99035812672176,44.68209366391184,3.6024725274725324,58.91208791208789
142,Napa,2014,94.21000000000005,53.23000000000002,397.67224546722457,12.350208623087623,100.4,25.8,58.84501385041555,100.0,0.0,71.82475660639777,49.11585535465928,3.2538781163434884,61.96898470097352
143,Napa,2015,95.3199999999999,21.940000000000005,398.1917808219178,12.64157142857143,108.4,21.7,58.871571428571414,100.0,1.0,70.2648401826484,48.398021308980205,3.364794520547944,62.17178082191787
144,Napa,2016,90.85000000000007,43.72000000000001,319.5549215406562,12.243285714285715,102.8,24.4,56.91012838801708,100.0,1.0,76.99569583931134,49.16126255380199,3.08547008547008,61.45457142857134
145,Napa,2017,87.95999999999997,64.33000000000003,364.33698630136985,12.167808219178074,110.1,23.5,57.72821917808217,100.0,9.0,74.3869625520111,48.603467406380005,3.3980821917808255,59.76095890410967
146,Napa,2018,89.41000000000014,25.469999999999995,393.8344827586207,11.746758620689658,102.6,22.2,56.595586206896506,100.0,9.0,74.22344827586207,47.81641379310344,3.036000000000002,59.91006896551732
147,Napa,2019,83.50999999999989,61.02000000000002,425.78516228748066,12.066924265842342,102.5,25.8,56.46429675425039,100.0,8.0,76.39721792890263,48.28114374034005,3.3975270479134445,58.36924265842359
148,Napa,2020,80.93999999999994,8.569999999999995,492.44834307992204,12.416959064327479,103.8,27.6,58.69766081871348,100.0,9.0,73.11695906432749,49.386354775828394,3.534502923976609,61.247368421052634
149,Orange,2013,52.66000000000004,6.599999999999997,446.7008310249307,11.850280898876406,96.1,30.6,63.711634349030454,100.0,-19.0,62.37784090909091,47.054545454545455,3.8162087912087905,64.0404432132964
150,Orange,2014,55.03,5.799999999999998,441.2054794520548,13.203013698630134,99.7,32.0,65.33296703296695,100.0,0.0,62.53760445682451,50.342339832869094,3.7158904109589077,65.89287671232876
151,Orange,2015,82.4899999999998,12.28999999999999,410.63081861958267,13.15830508474577,103.3,32.0,64.20581583198707,100.0,6.0,62.9878892733564,49.623702422145364,3.7906937394247056,66.11077170418004
152,Orange,2016,156.6199999999997,35.86000000000007,444.9890410958904,13.443795620437987,103.5,30.9,62.852805887764475,100.0,5.0,68.90782122905028,51.15195530726251,3.6923357664233625,64.61663619744058
153,Orange,2017,152.4500000000001,43.25000000000015,428.08649173955297,13.700874635568523,103.6,32.0,62.284246575342486,100.0,5.0,71.11671612265084,51.27319485657767,3.604081632653062,63.30155642023338
154,Orange,2018,155.26999999999978,28.239999999999977,456.038715769594,12.535694050991495,100.0,28.0,62.632955618508014,100.0,0.0,62.6109537299339,48.434277620396635,3.5817752596789445,64.1788479697828
155,Orange,2019,149.1399999999997,71.49000000000005,450.05234159779616,13.082552800734618,97.3,30.9,60.985766758494,100.0,3.0,70.12947658402204,49.9711662075299,3.6497704315886152,63.94839302112028
156,Orange,2020,122.69999999999993,32.77000000000004,508.4721141374838,13.826459143968872,107.9,31.9,62.81115434500651,100.0,4.0,70.08344198174707,51.87614080834421,3.6765239948119346,65.86692607003897
157,Placer,2013,56.37999999999996,5.700000000000001,429.4340659340659,9.8423076923077,106.6,26.4,62.42609890109892,100.0,10.0,50.901685393258425,42.3699438202247,3.4634615384615386,62.84835164835167
158,Placer,2014,54.40000000000001,34.29,405.9397260273973,10.480821917808223,106.5,25.9,64.71643835616443,100.0,8.0,52.73278236914601,44.84462809917357,3.0978082191780847,64.33765432098755
159,Placer,2015,55.15,15.489999999999997,413.85753424657537,10.233698630136978,105.6,27.8,63.70383561643833,100.0,8.0,53.31129476584022,44.23884297520658,3.112054794520549,64.72096317280455
160,Placer,2016,52.92000000000004,37.26999999999999,394.6986301369863,10.484972677595634,105.8,30.7,63.1508196721312,100.0,8.0,56.964285714285715,45.24642857142858,3.115300546448086,63.725956284152964
161,Placer,2017,49.37999999999995,43.19000000000002,361.0383561643836,10.722465753424661,108.0,29.9,63.26000000000001,100.0,9.0,56.229050279329606,45.08100558659218,2.6287671232876706,65.22066115702478
162,Placer,2018,51.82000000000004,23.449999999999992,382.0138888888889,10.000555555555549,103.7,27.2,62.48027777777778,100.0,7.0,54.236111111111114,43.46833333333337,3.3316666666666657,63.96944444444446
163,Placer,2019,50.83999999999996,38.35000000000001,402.1735537190083,10.72782369146006,103.1,28.2,61.747382920110184,100.0,8.0,58.37190082644628,45.27134986225893,3.355647382920112,65.80303030303031
164,Placer,2020,46.42,13.079999999999995,491.57414448669203,10.908365019011406,108.1,28.3,64.96844106463875,100.0,8.0,53.72243346007605,45.972623574144514,3.2342205323193904,66.36387832699619
165,Riverside,2013,705.7600000000024,29.75000000000001,462.86552440290757,10.856196414653157,119.7,19.0,67.77426050856255,100.0,0.0,45.495943470295735,43.821015440984,4.654099636741037,66.37323980254612
166,Riverside,2014,764.099999999996,50.85000000000003,474.6391545042778,11.858278812279831,116.4,25.3,69.70603621730393,100.0,-14.0,47.40973111395647,46.41559539052506,4.711770623742449,67.72524075012669
167,Riverside,2015,794.0400000000033,36.74000000000003,470.1955371520589,11.696987813290415,116.2,21.6,68.89862100666497,100.0,0.0,47.54571026722925,45.5635724331926,4.4798438934802665,67.5402113970588
168,Riverside,2016,813.9699999999989,52.040000000000006,477.67248290497525,11.581783949164466,120.5,25.8,69.35988207547186,100.0,0.0,47.28955007256894,45.76903725205616,4.475523652624138,67.26551318267438
169,Riverside,2017,799.6900000000035,45.11000000000004,463.1810061118947,11.788040177528602,121.2,20.5,69.41864327485402,100.0,0.0,48.044938505203405,46.162050189393774,4.448401400233372,67.5743379423485
170,Riverside,2018,700.2300000000005,52.370000000000026,475.0674960296453,11.685044997353126,118.8,22.9,68.96617257808357,100.0,4.0,47.525674960296456,46.176310217046215,4.453573319216504,66.49391212281623
171,Riverside,2019,672.1299999999958,98.83000000000018,473.76168848517233,11.150333956719233,123.7,23.4,67.20595778787079,100.0,0.0,50.044883783061714,45.43465134918488,4.407507347047825,64.94288004274647
172,Riverside,2020,504.5099999999993,51.609999999999985,523.9291465378421,11.99057971014491,122.6,20.7,70.25374396135278,100.0,4.0,48.7914653784219,47.680233494364025,4.313768115942035,66.88845377472775
173,Sacramento,2013,115.75,8.099999999999998,444.2857142857143,10.78516483516485,108.3,22.4,60.52623626373613,98.0,0.0,58.872252747252745,45.19697802197799,5.46304945054945,62.272115384615304
174,Sacramento,2014,110.58000000000014,40.78000000000001,424.64794520547946,11.970096021947885,106.1,29.1,62.8206849315068,98.0,11.0,61.889655172413796,48.4696551724138,5.368998628257885,64.05260273972598
175,Sacramento,2015,111.65000000000008,15.549999999999988,422.08490566037733,11.610363391655445,106.9,26.0,61.42964959568731,99.0,7.0,62.96756756756757,47.60581081081082,5.299865410497983,64.44703504043126
176,Sacramento,2016,165.20000000000013,63.239999999999945,424.7308394160584,12.013868613138698,105.3,26.9,61.42427007299266,100.0,11.0,66.05882352941177,48.8362132352941,5.474178832116795,62.86269621421976
177,Sacramento,2017,166.1300000000003,62.19999999999999,446.496336996337,11.625662100456637,111.2,26.3,61.559086757990904,100.0,0.0,64.26926736441484,48.05937202664131,5.303744292237445,63.13559633027518
178,Sacramento,2018,143.5600000000002,60.94999999999997,427.3164948453608,11.108041237113392,105.7,24.8,59.8430927835051,100.0,0.0,63.94536082474227,46.37762886597939,4.9546391752577295,61.8192783505155
179,Sacramento,2019,157.44000000000008,58.91000000000003,423.20899718837865,11.52296157450797,106.4,26.2,60.4569821930647,100.0,9.0,64.79662605435801,47.38219306466723,5.219306466729155,61.18772258669156
180,Sacramento,2020,143.32999999999998,19.879999999999974,500.625641025641,11.654487179487175,110.4,27.0,63.39371794871798,100.0,8.0,59.69615384615385,47.84089743589742,5.6196153846153845,63.08333333333334
181,San Benito,2013,99.15000000000003,13.459999999999965,432.58758620689656,10.184000000000003,100.9,20.0,56.2289655172413,100.0,0.0,64.09423347398031,42.90281293952181,2.718896551724139,60.44848066298338
182,San Benito,2014,102.03999999999999,29.220000000000013,428.4564315352697,12.218497913769117,100.1,28.3,59.28036465638144,100.0,0.0,70.96322489391797,49.09179632248937,3.456786703601107,63.34778393351797
183,San Benito,2015,102.44,19.139999999999944,422.4808219178082,11.91698630136987,104.8,23.4,58.419505494505465,100.0,0.0,71.04847645429363,48.41703601108025,3.9215068493150684,64.04041095890409
184,San Benito,2016,102.04000000000009,26.940000000000037,429.20438957475994,11.502743484224963,102.6,25.1,57.84718792866949,100.0,9.0,70.49035812672176,47.77727272727275,3.7635116598079623,61.85486968449932
185,San Benito,2017,103.62999999999997,28.600000000000026,434.73858921161826,11.692116182572606,113.7,25.5,58.71345353675449,100.0,9.0,68.77824858757062,47.606779661016986,3.699723374827105,62.503042876901795
186,San Benito,2018,105.21000000000002,26.080000000000016,454.00689655172414,11.25241379310344,99.2,23.1,57.57682758620688,100.0,9.0,68.79724137931035,46.884275862068975,3.7609655172413783,62.59434482758621
187,San Benito,2019,98.57000000000004,33.71999999999999,436.05307262569835,11.273463687150846,104.1,24.9,57.15754189944136,99.0,8.0,70.00418994413408,46.820949720670356,3.6893854748603365,60.13603351955296
188,San Benito,2020,79.45000000000007,12.459999999999988,490.0315581854043,11.67672583826429,105.3,26.1,57.73826429980277,99.0,13.0,71.15581854043393,47.99211045364885,3.777514792899413,61.48540433925041
189,San Bernardino,2013,255.9,17.669999999999987,474.43684500827356,6.23257993384785,119.1,1.7,58.71990077177513,100.0,4.0,36.917640511964386,28.9683917640512,4.885777287761852,56.7788150807899
190,San Bernardino,2014,258.4399999999999,25.400000000000006,479.2947658402204,6.577998894416811,116.4,6.2,60.60379888268155,100.0,2.0,37.56214039125432,30.674784110535448,4.762389867841414,56.94383971291867
191,San Bernardino,2015,247.67,32.95000000000005,469.4739726027397,6.981923714759541,115.2,1.4,59.909457190822664,100.0,4.0,40.55264655663062,32.392885600455365,4.73715068493151,57.93030303030303
192,San Bernardino,2016,260.20999999999987,42.1300000000001,463.0548234053769,6.736143308746037,114.7,-1.2,59.400584795321635,100.0,2.0,41.13998914812805,31.992403689636447,4.766859852476298,56.73246968026457
193,San Bernardino,2017,306.9100000000004,50.52000000000014,468.35710955710954,7.94376459598319,117.2,-4.4,62.063202247191,100.0,1.0,40.54924793789423,33.8507520621058,4.400698324022349,58.49663394109394
194,San Bernardino,2018,294.46,28.04000000000001,476.1091015169195,7.791190198366382,115.1,-3.6,60.09894982497078,100.0,0.0,42.511085180863475,34.63932322053682,4.519603267211201,58.10565927654612
195,San Bernardino,2019,283.5400000000004,75.29000000000009,471.912558685446,8.016079812206575,117.7,-4.3,58.487558685446,100.0,0.0,49.056338028169016,36.27611502347421,4.704694835680755,56.377171361502526
196,San Bernardino,2020,222.6200000000007,29.16,535.5272564789991,8.446112600536194,116.7,3.8,63.13386952636284,100.0,1.0,45.454870420017876,38.22502234137622,4.773547810545133,59.137890974083994
197,San Diego,2013,308.8899999999999,20.46,433.4232536764706,12.538055937643307,116.8,21.4,62.57987161852359,100.0,0.0,64.1259990597085,47.9968970380818,3.690004585052727,65.07215496368055
198,San Diego,2014,327.27999999999855,33.88000000000005,449.0571820677036,13.510978956999065,113.0,26.0,65.27552059231843,100.0,0.0,64.68169144981412,50.82105018587366,3.3752058554437396,67.67832301095778
199,San Diego,2015,310.4700000000008,39.39000000000002,434.0918125887364,13.975272382756996,112.9,25.0,65.11194817658351,100.0,4.0,65.59119804400979,51.409779951100255,3.4280170373875998,67.3666350261034
200,San Diego,2016,314.7899999999998,73.27999999999993,443.10032512772875,13.809846725499273,118.5,24.2,64.85256769374409,100.0,4.0,67.18453510436433,51.69032258064517,3.1654435671156578,66.97825278810406
201,San Diego,2017,318.1499999999996,47.82000000000004,444.5165137614679,13.1141544117647,120.7,24.1,64.84761682243008,100.0,1.0,65.83169774288518,51.02536800785094,3.184668192219676,67.27760901518855
202,San Diego,2018,301.1099999999996,187.90999999999997,466.82408795602197,13.336431784107956,111.3,26.1,64.00749625187403,100.0,4.0,64.86706646676662,50.182008995502294,3.6493753123438313,66.75657171414296
203,San Diego,2019,264.88000000000034,88.2200000000002,454.2333155365723,13.359156433529105,114.9,26.1,63.52973838761343,100.0,0.0,67.01494927923117,50.51628403630542,3.3119060331019816,65.81601708489048
204,San Diego,2020,208.32,39.73000000000002,513.6645817044566,14.078967943706012,117.2,29.5,65.4060985144645,100.0,5.0,67.54773082942097,52.369874804381766,3.2388584831899974,68.3002345582486
205,San Joaquin,2013,56.74999999999996,3.7600000000000002,459.239010989011,11.231043956043955,103.8,21.2,59.57197802197799,100.0,16.0,62.77197802197802,46.18956043956045,4.4087912087912065,60.72829670329675
206,San Joaquin,2014,54.090000000000025,13.619999999999997,432.70054945054943,12.462087912087897,102.1,25.6,61.94368131868135,100.0,15.0,65.82417582417582,49.532967032966994,4.229945054945057,62.612912087912086
207,San Joaquin,2015,57.410000000000025,8.749999999999998,400.84123222748815,11.956398104265409,103.1,22.4,59.1473933649289,100.0,15.0,69.3040380047506,48.21995249406173,4.413270142180096,61.48151658767771
208,San Joaquin,2016,163.15000000000018,50.54,440.7598130841121,13.034828244274825,104.9,23.9,62.042429906542026,100.0,2.0,69.74376199616123,51.000000000000014,4.5938095238095205,62.252335557673895
209,San Joaquin,2017,220.03000000000063,63.52000000000001,433.4948096885813,12.284290657439431,108.9,24.6,61.27986159169543,100.0,0.0,67.2084241103849,49.338852578068185,4.830795847750865,61.642222222222166
210,San Joaquin,2018,207.0100000000003,43.26000000000002,438.008064516129,12.047800586510238,113.1,23.6,60.280351906158415,100.0,0.0,67.05351906158357,47.83453079178885,4.702785923753664,60.420821114369424
211,San Joaquin,2019,211.07000000000016,59.89000000000002,439.95762711864404,12.281355932203375,104.7,23.8,60.18128531073453,100.0,0.0,68.79237288135593,49.03170903954805,4.930014124293791,60.783686440678046
212,San Joaquin,2020,224.7599999999999,20.539999999999992,517.03664495114,12.763762214983707,108.6,27.3,63.35570032573291,100.0,12.0,64.3957654723127,50.19486970684036,4.666693811074915,63.24511400651469
213,San Luis Obispo,2013,198.5400000000001,17.189999999999923,439.33539518900346,10.616379903647628,101.0,20.0,55.40515463917529,100.0,-12.0,67.42366946778712,43.98984593837537,3.5991065292096143,60.379393521709154
214,San Luis Obispo,2014,197.04,50.030000000000186,422.42225293711124,11.91983413959916,103.0,23.7,58.993939393939264,100.0,3.0,68.21720430107527,47.145161290322605,3.6144628099173572,62.59343922651926
215,San Luis Obispo,2015,197.21000000000006,34.21000000000014,417.97123287671235,11.922534246575344,102.3,19.0,58.60858516483503,100.0,6.0,69.95603628750872,48.01235170969986,3.6013698630136948,62.960114777618465
216,San Luis Obispo,2016,193.2700000000002,66.87000000000033,415.1666666666667,11.805117565698474,106.2,20.2,58.32636678200699,100.0,7.0,71.91713091922006,48.37207520891365,3.448409405255884,62.45404191616766
217,San Luis Obispo,2017,196.7899999999998,74.2199999999999,414.15065502183404,11.767903930131007,109.4,18.0,59.26786764705883,100.0,6.0,68.39323308270677,47.46593984962407,3.5638282387190703,62.15514223194744
218,San Luis Obispo,2018,173.48000000000025,47.85000000000033,426.7894327894328,11.900854700854694,105.3,23.8,58.569075369075534,100.0,4.0,70.67754467754467,48.1947163947164,3.480808080808083,62.225485625485625
219,San Luis Obispo,2019,195.15999999999988,69.71000000000019,439.9033149171271,11.583563535911594,101.6,22.3,57.36035911602216,100.0,3.0,71.97582872928177,47.582734806629894,3.462569060773476,61.41401933701658
220,San Luis Obispo,2020,152.49999999999963,18.069999999999983,490.46230158730157,11.718353174603179,110.3,19.9,57.86537698412693,100.0,11.0,71.38095238095238,48.03710317460314,3.2578373015873,62.194246031746005
221,San Mateo,2017,13.290000000000015,7.120000000000002,329.87692307692305,11.720000000000008,93.6,28.5,54.98203125000001,99.0,17.0,77.47154471544715,47.06260162601625,3.3907692307692323,57.99230769230769
222,San Mateo,2018,40.09000000000009,19.700000000000006,390.96944444444443,12.026944444444444,82.3,27.1,54.43305555555559,100.0,12.0,81.98055555555555,48.89361111111102,3.9180555555555587,57.70666666666664
223,San Mateo,2019,36.41000000000006,33.88000000000002,375.5115606936416,12.449710982658955,97.2,28.4,54.92890173410404,100.0,17.0,83.15317919075144,49.79913294797688,3.44277456647399,57.6630057803469
224,San Mateo,2020,32.93,8.069999999999997,451.30859375,13.297656250000003,95.2,29.9,55.80836653386456,100.0,18.0,83.23694779116465,50.53574297188757,3.800390624999999,60.28867187499999
225,Santa Barbara,2013,307.2499999999988,44.73999999999999,438.68589743589746,10.707692307692303,103.8,12.8,56.61877289377298,100.0,7.0,67.1773082223243,44.83105190629303,4.289194139194143,61.79130643611911
226,Santa Barbara,2014,316.1599999999992,38.96,436.2310502283105,11.622542295381788,115.4,21.5,59.701417466849556,100.0,3.0,66.43813015582035,47.199587534372206,4.376849315068495,64.75040899795499
227,Santa Barbara,2015,292.0899999999992,27.979999999999983,429.9223389675651,11.94568296025584,104.1,20.3,59.29264029438828,100.0,7.0,67.69410664172123,47.70556594948546,4.085662100456624,65.75503275759377
228,Santa Barbara,2016,242.92999999999978,51.53999999999997,434.0186958504332,11.61612903225807,105.5,21.2,58.40969411764705,100.0,1.0,69.86178861788618,47.639359158297445,3.8292482915717643,65.33591682419663
229,Santa Barbara,2017,208.05000000000015,49.000000000000036,436.10759493670884,11.795315581854032,111.6,18.2,58.26048144433304,100.0,3.0,68.41121005762179,46.65180722891555,3.997256977863324,64.85220797720807
230,Santa Barbara,2018,190.07999999999984,23.7,463.9051094890511,11.246958637469593,106.3,18.5,59.69343065693427,100.0,4.0,64.03000811030009,46.12968369829692,4.024493106244926,67.43738848337381
231,Santa Barbara,2019,167.79000000000013,40.560000000000045,434.1883445945946,11.09383445945946,104.3,19.6,58.83707770270264,100.0,2.0,65.21621621621621,45.721959459459505,4.078293918918911,66.71951013513517
232,Santa Barbara,2020,134.73999999999978,20.450000000000003,485.2252358490566,11.699174528301887,106.7,18.7,60.10683962264148,100.0,1.0,66.30542452830188,47.4209905660377,3.938915094339623,66.77479191438766
233,Santa Clara,2013,57.49000000000001,2.8800000000000003,445.5631868131868,10.548760330578508,101.9,18.0,57.16620879120878,100.0,9.0,64.32782369146005,44.68209366391182,5.279945054945052,58.46483516483513
234,Santa Clara,2014,53.420000000000016,15.679999999999994,417.1917808219178,11.599178082191777,99.5,25.9,58.99890410958903,100.0,11.0,67.3013698630137,47.515616438356155,4.889315068493155,61.66951566951569
235,Santa Clara,2015,53.14000000000006,8.169999999999998,414.9532967032967,11.393424657534242,103.4,23.1,58.5453296703297,100.0,11.0,67.0828729281768,47.08149171270724,5.00219178082192,61.43739376770539
236,Santa Clara,2016,53.020000000000046,16.319999999999986,429.6775956284153,12.101912568306014,101.4,27.2,58.771584699453555,100.0,10.0,71.6510989010989,49.100274725274744,4.986612021857922,61.769672131147644
237,Santa Clara,2017,52.21999999999999,3.1400000000000006,394.4219178082192,11.736438356164381,112.8,23.2,59.4513736263737,100.0,12.0,67.73352435530086,47.510888252149016,5.1575342465753415,61.03479452054792
238,Santa Clara,2018,52.19999999999999,9.009999999999993,414.29639889196676,11.842936288088653,98.5,22.1,58.732963988919664,100.0,11.0,69.09141274238227,48.03850415512463,4.927977839335184,60.06980609418284
239,Santa Clara,2019,46.690000000000005,16.789999999999992,456.6623376623377,12.408441558441552,102.9,25.6,59.2311688311688,100.0,10.0,71.69155844155844,49.33474025974026,5.12077922077922,61.84285714285709
240,Santa Clara,2020,36.66999999999999,2.8499999999999996,495.6214953271028,11.972429906542056,104.2,24.1,59.15420560747661,100.0,10.0,69.3644859813084,48.42009345794391,5.268224299065423,64.80887850467292
241,Santa Cruz,2013,87.8199999999999,7.619999999999982,414.1057692307692,11.049862637362645,91.7,25.7,54.57362637362636,100.0,9.0,74.56456043956044,45.999725274725236,3.8450549450549385,64.80853146853143
242,Santa Cruz,2014,84.94000000000003,42.08000000000006,393.09228650137743,12.078600823045276,97.0,32.0,57.088049450549455,98.0,7.0,75.73140495867769,48.78732782369143,3.8245205479452076,65.62465753424655
243,Santa Cruz,2015,87.27000000000005,20.15,398.56378600823047,11.855829903978051,99.2,28.6,56.91416781292987,97.0,9.0,74.0539419087137,48.30940525587833,3.82962962962963,66.1772471910113
244,Santa Cruz,2016,82.6999999999999,55.78999999999998,388.21340629274965,11.544535519125692,98.8,19.5,55.40358620689659,100.0,9.0,77.33518776077887,48.052155771905454,3.7416666666666645,64.23775649794806
245,Santa Cruz,2017,86.62000000000006,68.14000000000013,391.46027397260275,11.472739726027394,109.1,21.4,56.36489510489505,100.0,11.0,73.97171145685998,47.57694483734086,3.8013698630136985,65.24616438356158
246,Santa Cruz,2018,86.24,35.30000000000001,408.31448275862067,11.750896551724143,99.9,30.4,55.890482758620735,100.0,11.0,76.27448275862069,48.051448275862064,3.8071724137931025,64.491724137931
247,Santa Cruz,2019,83.30999999999997,55.99999999999999,405.15202231520226,12.125244072524408,95.6,31.2,55.97391910739196,100.0,9.0,78.63040446304045,48.8747559274756,3.983124128312411,64.15299860529987
248,Santa Cruz,2020,59.880000000000024,20.890000000000004,451.61206896551727,12.065301724137923,99.5,33.6,55.79267241379318,100.0,13.0,78.66163793103448,48.92133620689662,3.3571120689655167,64.17823275862067
249,Shasta,2013,92.75000000000011,18.709999999999994,429.9792817679558,8.154820936639119,112.3,-13.4,54.40509641873277,100.0,8.0,54.41460055096419,36.79297520661157,4.0756198347107535,56.728512396694256
250,Shasta,2014,104.41000000000011,53.71000000000001,401.9958791208791,8.703150684931515,110.7,10.7,57.5130136986302,98.0,4.0,56.23300970873787,39.612205270457736,4.021232876712325,58.241285714285695
251,Shasta,2015,91.19000000000001,36.84,407.43013698630136,8.82657534246575,112.8,8.1,57.35287671232877,98.0,4.0,56.59778085991678,39.97600554785019,3.9805479452054797,56.884664536741234
252,Shasta,2016,48.60000000000002,77.80000000000004,393.27906976744185,9.104371584699463,110.2,7.8,56.20382513661196,98.0,6.0,60.925925925925924,41.03401920438957,4.031967213114752,58.51029619181948
253,Shasta,2017,47.37,77.76999999999998,396.8434065934066,9.15424657534247,111.8,-12.3,56.21275720164609,100.0,8.0,59.944134078212294,40.392318435754156,3.9734246575342427,56.86724890829697
254,Shasta,2018,102.29000000000009,30.349999999999987,458.6175115207373,9.31566820276497,108.6,10.0,58.39631336405533,100.0,5.0,55.99231950844854,40.98448540706598,3.8731182795698906,59.14454685099844
255,Shasta,2019,100.24999999999994,77.29999999999997,424.8567493112948,9.264738292011025,105.7,1.3,55.07451790633608,100.0,6.0,62.38980716253444,40.79972451790633,4.1668044077134985,56.40909090909085
256,Shasta,2020,89.53000000000002,24.000000000000004,490.87476280834915,9.730170777988622,111.4,14.2,59.0878557874763,100.0,6.0,56.62618595825427,42.110436432637584,4.298481973434534,59.77153700189755
257,Siskiyou,2013,47.150000000000084,6.460000000000002,416.5192307692308,7.19285714285715,94.1,-15.4,46.128296703296684,100.0,10.0,62.193820224719104,32.719662921348316,4.680219780219784,50.6739010989011
258,Siskiyou,2014,47.82000000000008,10.959999999999994,397.2630136986301,7.465479452054797,93.6,1.4,49.08575342465754,97.0,8.0,61.26575342465753,35.31397260273971,4.983835616438357,52.634530386740344
259,Siskiyou,2015,125.53000000000011,35.859999999999964,424.6054421768707,8.25986078886311,103.0,-14.4,51.80079365079367,100.0,11.0,61.28504672897196,37.874766355140174,4.147447795823664,55.66360544217694
260,Siskiyou,2016,141.25,58.58000000000004,391.0192660550459,7.7636697247706365,102.8,-15.3,48.82477064220179,100.0,10.0,65.94248608534323,36.75236768802228,4.592385321100916,51.9415596330275
261,Siskiyou,2017,140.06000000000012,40.73000000000001,389.6264840182648,7.7621917808219045,103.7,-15.6,48.171428571428514,100.0,8.0,65.690587138863,36.059273066169624,4.726575342465749,51.568219178082146
262,Siskiyou,2018,139.27000000000007,37.38,396.6761467889908,7.27238532110092,98.7,1.1,47.85633027522935,100.0,8.0,62.488073394495416,34.62972477064221,4.228440366972475,51.74385321100926
263,Siskiyou,2019,149.45000000000041,45.710000000000015,373.15271317829456,7.281317829457368,96.9,-5.0,46.4368217054264,100.0,0.0,66.1062015503876,34.80705426356587,4.401937984496126,50.90984496124037
264,Siskiyou,2020,210.3199999999996,25.519999999999982,472.293620292083,7.941813989239053,102.8,1.2,52.61414296694851,100.0,6.0,57.61260568793236,36.882859338970086,4.687548039969254,55.77117601844731
265,Solano,2013,122.6500000000001,11.009999999999996,448.1084558823529,10.067279411764687,107.3,20.1,59.57619485294125,100.0,5.0,56.728860294117645,42.95707720588234,5.879871323529404,60.80238970588237
266,Solano,2014,114.16000000000001,55.56000000000001,414.5325987144169,11.15050505050506,105.1,23.2,61.23314967860421,100.0,5.0,60.83103764921947,46.31349862258966,5.84435261707989,63.126218951242016
267,Solano,2015,115.02000000000002,21.829999999999995,407.72155411655876,11.06545623836126,106.9,21.8,60.29812030075195,100.0,9.0,62.49101229895932,46.17786187322603,5.9034958601655925,62.50518518518525
268,Solano,2016,111.47000000000017,56.550000000000004,409.1393442622951,11.219216757741354,106.6,23.6,60.23816029143898,100.0,8.0,64.47435897435898,46.812271062271066,5.706648451730414,62.892844036697205
269,Solano,2017,112.54999999999998,77.34000000000006,406.94520547945206,10.207579908675791,111.3,14.6,59.66849315068495,100.0,1.0,61.510921177587846,44.31813865147191,5.6398173515981815,64.09185606060612
270,Solano,2018,107.67000000000002,24.169999999999998,457.42923076923074,10.888923076923058,103.2,19.5,58.97723076923078,100.0,1.0,62.52,45.10446153846161,6.681384615384622,61.61830769230766
271,Solano,2019,111.20000000000013,47.949999999999996,450.303324099723,11.794321329639894,103.5,24.1,59.373961218836506,100.0,11.0,68.09418282548476,47.782825484764466,6.536565096952908,59.380747922437614
272,Solano,2020,96.32000000000002,5.259999999999996,521.6912621359223,12.150485436893211,109.7,26.6,62.10776699029123,100.0,1.0,63.72621359223301,48.711262135922325,6.9244660194174825,60.6669902912621
273,Sonoma,2013,139.90000000000026,19.539999999999992,421.0123711340206,10.127197802197799,101.9,16.0,53.1677884615384,100.0,0.0,71.2568870523416,43.42252066115705,3.229052197802201,58.54069423929101
274,Sonoma,2014,136.03000000000023,134.39000000000004,397.7842323651452,11.377307425399044,101.2,17.6,55.854192654192616,100.0,0.0,74.07152777777777,47.15583333333336,3.3185901865929504,61.882971268395295
275,Sonoma,2015,138.64999999999998,54.210000000000115,416.42045454545456,11.311727078891257,105.8,15.8,56.09438920454545,100.0,8.0,72.97439544807966,46.970412517780936,3.3122159090909107,62.30563165905631
276,Sonoma,2016,122.91000000000027,137.6800000000003,400.00691085003456,12.627586206896554,100.7,16.9,54.484827586206954,100.0,12.0,78.24253731343283,47.03719193427935,3.1373793103448318,62.589067055393755
277,Sonoma,2017,173.93,111.50000000000023,405.61348803480786,11.069035532994928,110.3,17.8,54.851015965167,100.0,7.0,74.4921816827997,46.27438570364851,3.103550724637683,62.005087319666046
278,Sonoma,2018,165.64999999999995,99.4400000000003,398.3806024981631,10.940999265246152,98.9,18.2,54.6214548126377,100.0,7.0,73.9529757531227,45.941513592946364,3.098016164584864,61.2196179279942
279,Sonoma,2019,177.99999999999997,152.5100000000002,402.28800557880055,11.42977684797768,102.1,22.3,55.893863319386355,100.0,5.0,74.08786610878661,47.126847977684825,3.2936541143654074,61.399372384937244
280,Sonoma,2020,146.16999999999993,23.770000000000003,472.5182555780933,11.626166328600407,107.6,26.7,56.98032454361059,100.0,11.0,72.72920892494929,47.77576064908726,3.346551724137928,63.71663286004063
281,Stanislaus,2013,174.53000000000043,10.539999999999987,451.2197802197802,10.936721611721609,104.1,20.9,59.58007380073795,99.0,0.0,61.117158671586715,45.477952029520296,4.918956043956049,61.116300366300365
282,Stanislaus,2014,170.3100000000004,29.980000000000004,435.8731343283582,11.995153774464127,104.7,24.8,62.423299161230204,100.0,0.0,62.69209039548023,48.42016965127238,4.996272134203173,63.25075901328268
283,Stanislaus,2015,167.0100000000001,19.00999999999999,426.30438756855574,12.096340347666972,104.1,19.1,61.33354779411755,100.0,13.0,65.39162790697675,48.63953488372094,4.8950684931506805,62.126700507614245
284,Stanislaus,2016,168.10000000000005,42.629999999999995,437.58874878758485,11.841148325358866,103.6,23.4,61.95277777777773,100.0,13.0,63.88331726133076,48.47810993249757,5.010526315789469,63.61206896551715
285,Stanislaus,2017,165.81000000000031,32.839999999999996,422.8541666666667,12.065118483412327,106.5,23.3,61.634185606060626,100.0,10.0,64.74540174249758,48.26611810261384,4.997821969696972,62.092323232323196
286,Stanislaus,2018,146.08000000000007,32.87,421.1643286573146,11.413527054108217,102.0,22.3,59.42224448897788,100.0,0.0,65.85370741482966,46.977655310621216,4.834268537074147,60.74779559118241
287,Stanislaus,2019,158.09999999999997,41.69000000000004,446.04820415879016,12.820132325141776,101.5,24.6,60.777977315689846,100.0,0.0,70.16446124763705,50.1052930056711,4.785255198487716,61.46294896030247
288,Stanislaus,2020,122.36000000000006,11.70999999999999,503.92917847025495,13.451274787535391,113.1,24.9,62.97167138810202,100.0,0.0,67.60906515580737,51.08966005665724,4.748158640226624,61.96798866855525
289,Sutter,2013,56.09999999999994,5.49,454.61813186813185,11.374450549450547,107.3,17.6,59.06923076923084,98.0,10.0,63.74166666666667,45.87972222222221,4.764010989010992,60.453867403314895
290,Sutter,2014,53.52000000000001,16.47,429.6356164383562,12.437260273972603,105.6,21.6,61.66575342465747,98.0,13.0,65.61263736263736,49.257967032967024,4.737808219178085,62.43534246575343
291,Sutter,2015,51.03000000000004,7.369999999999998,404.2,12.238082191780826,105.4,22.8,60.82273972602741,99.0,17.0,66.30958904109589,48.84109589041095,4.823287671232875,63.6175342465754
292,Sutter,2016,49.39999999999997,19.5,406.0192837465565,12.665564738292018,102.5,25.5,60.41873278236918,98.0,15.0,70.11602209944752,50.00552486187847,4.488980716253444,61.49807162534435
293,Sutter,2017,51.50999999999993,21.089999999999996,399.2739726027397,12.386301369863018,107.9,26.9,61.10739726027396,98.0,12.0,66.48189415041783,48.64122562674094,4.685479452054794,61.248493150684965
294,Sutter,2018,53.42,16.45,435.13461538461536,11.722252747252751,107.1,25.2,60.09423076923079,98.0,11.0,64.87362637362638,47.52802197802198,4.437912087912086,61.66318681318674
295,Sutter,2019,52.390000000000036,25.08000000000001,430.53698630136984,11.943835616438356,105.5,26.9,60.14849315068492,98.0,11.0,65.96986301369863,47.975342465753435,4.449041095890414,62.24630136986302
296,Sutter,2020,44.980000000000004,4.059999999999999,496.0038314176245,12.3448275862069,104.0,27.5,62.995785440613034,97.0,11.0,62.00766283524904,49.00114942528735,4.615325670498088,65.50229885057472
297,Tehama,2014,16.029999999999998,14.249999999999998,329.5744680851064,12.500729927007297,101.7,30.1,62.17375886524822,100.0,11.0,67.86764705882354,49.655882352941184,5.035036496350364,62.58642857142858
298,Tehama,2015,58.3,6.27,437.64383561643837,11.75479452054795,107.3,25.7,63.020718232044246,100.0,10.0,59.76519337016575,47.70939226519341,5.221643835616439,61.79945205479455
299,Tehama,2016,55.31000000000001,14.679999999999996,427.2049180327869,12.14398907103825,105.7,26.7,62.28579234972682,100.0,14.0,64.06027397260274,48.74383561643835,5.695355191256831,62.074316939890764
300,Tehama,2017,57.09999999999996,16.23,433.0054794520548,12.11041095890411,108.0,25.8,62.20602739726019,100.0,13.0,62.534246575342465,47.93095890410959,5.827123287671235,61.23846153846153
301,Tehama,2018,56.96000000000005,16.159999999999993,436.82872928176795,11.641160220994479,105.9,24.2,61.670165745856316,100.0,10.0,60.806629834254146,46.68232044198894,5.330110497237575,60.62817679558012
302,Tehama,2019,57.050000000000026,24.319999999999997,447.86478873239435,11.918591549295773,107.0,26.3,61.990140845070364,100.0,0.0,60.709859154929575,45.35408450704225,5.663943661971833,61.166760563380315
303,Tehama,2020,55.70999999999998,6.029999999999999,494.3618421052632,13.50296052631577,109.1,27.6,66.48914473684212,100.0,0.0,59.088815789473685,50.83421052631579,5.216776315789471,65.11348684210516
304,Tulare,2013,113.41000000000007,6.949999999999998,454.00961538461536,10.660660247592848,107.7,19.7,61.93859890109901,100.0,9.0,55.42916093535076,44.84869325997247,3.026923076923078,64.61731301939065
305,Tulare,2014,117.1,7.669999999999994,449.78356164383564,10.765890410958908,109.8,23.0,64.82194787379974,100.0,9.0,53.270604395604394,45.78118131868133,2.9680821917808253,65.42251552795027
306,Tulare,2015,114.06999999999996,9.039999999999996,441.0712328767123,10.72575342465755,107.5,11.7,62.73868312757201,100.0,8.0,56.06896551724138,45.1531034482759,3.0810958904109604,67.67981072555204
307,Tulare,2016,113.9500000000001,10.649999999999995,471.2071651090343,10.617445482866037,107.4,21.5,63.660591900311445,96.0,11.0,54.9109375,45.44531249999997,3.2257009345794403,70.26253918495303
308,Tulare,2017,108.05,11.29999999999999,429.31015299026427,11.409040333796925,113.3,21.4,62.33143254520167,100.0,10.0,58.9009900990099,46.2536067892504,3.038942976356051,67.65903271692746
309,Tulare,2018,112.15000000000009,11.269999999999989,452.82849239280773,11.343291839557406,105.8,21.3,62.30580912863072,100.0,11.0,58.83540802213001,46.61977869986172,2.9954356846473056,67.30622406639012
310,Tulare,2019,163.5800000000001,36.789999999999985,459.72983114446527,11.377767354596623,107.3,23.2,62.34896810506564,100.0,1.0,59.57598499061913,46.8375234521576,3.1190431519699815,66.49934333958723
311,Tulare,2020,153.25,19.59,514.0600706713781,12.662544169611316,107.5,23.6,66.67844522968187,100.0,0.0,56.95288574793875,49.64581861012961,3.196702002355716,68.67467608951699
312,Ventura,2013,104.11000000000001,6.919999999999999,429.20054945054943,12.06112637362638,96.1,31.2,60.31593406593402,100.0,5.0,66.37774725274726,47.47623626373624,3.7608516483516468,64.02664835164836
313,Ventura,2014,133.35000000000005,20.72,435.30592105263156,12.881369248035938,101.6,21.9,62.451986754966875,100.0,4.0,67.39795918367346,49.73847900113506,3.5741863075196436,67.08991228070181
314,Ventura,2015,158.34999999999994,34.849999999999945,436.71324200913244,12.918173515981726,106.6,29.6,63.085191956124284,100.0,6.0,64.5881809787627,49.33222530009235,3.3043835616438333,66.49387008234223
315,Ventura,2016,162.41000000000008,47.06000000000006,434.93078324225866,12.576502732240451,105.0,23.3,61.971219065077904,100.0,5.0,67.0354147250699,49.10466417910451,3.8880692167577378,65.38394160583941
316,Ventura,2017,165.82999999999964,46.76000000000007,435.5178082191781,11.713972602739709,104.9,10.1,62.31437788018428,100.0,1.0,66.30792996910402,48.143357363542705,3.720821917808221,65.98867579908678
317,Ventura,2018,156.09999999999965,28.82,445.40900562851783,12.766135084427775,96.1,28.9,61.80619136960593,100.0,3.0,66.4953095684803,48.88799249530956,3.6256097560975578,65.0972795497186
318,Ventura,2019,141.3199999999999,66.74000000000004,473.423828125,12.518652343749991,98.0,30.9,60.66259765624999,100.0,0.0,68.1640625,48.698925781250054,3.795312499999995,63.82695312499995
319,Ventura,2020,121.21999999999986,23.769999999999996,510.67197875166005,13.328950863213821,104.1,31.4,61.49057104913676,100.0,8.0,70.40770252324037,50.927888446215086,3.5782204515272227,65.40703851261624
320,Yolo,2013,123.09999999999998,15.079999999999991,439.2493125572869,10.148626373626362,108.1,22.1,60.83003663003659,98.0,8.0,54.46520146520147,43.232600732600716,4.40558608058608,61.439344262295045
321,Yolo,2014,116.72000000000013,47.55000000000003,412.06410256410254,11.360164835164836,106.5,26.4,63.218498168498094,100.0,9.0,57.895508707607696,46.84885426214482,4.293223443223441,65.27432306255837
322,Yolo,2015,116.95999999999994,22.870000000000033,430.1187384044527,11.159452054794508,106.8,25.9,62.35707762557076,100.0,8.0,58.71780821917808,46.504748858447506,4.156489945155395,65.40789962825284
323,Yolo,2016,112.00000000000028,56.050000000000125,422.9525114155251,11.184579870729447,104.1,26.9,62.4259962049336,100.0,10.0,60.94571428571429,47.51971428571422,3.9837739288969924,64.99346224677726
324,Yolo,2017,113.62000000000003,73.33000000000013,410.57351598173517,11.465963302752275,109.2,27.0,62.337570093458,100.0,0.0,61.165719696969695,47.22471590909093,3.9913242009132444,64.49145775301766
325,Yolo,2018,114.41000000000011,28.660000000000007,431.4441379310345,11.053379310344837,104.8,26.1,61.58937931034483,100.0,8.0,59.41655172413793,45.952413793103425,5.026068965517239,61.753655172413815
326,Yolo,2019,103.37000000000003,52.170000000000016,423.8798842257598,11.326338639652686,106.7,28.0,61.14182344428362,100.0,0.0,61.94211287988423,46.52590448625176,5.039652677279309,61.04471780028944
327,Yolo,2020,93.16000000000011,7.799999999999993,484.6576923076923,11.652307692307696,107.6,31.5,64.02980769230771,100.0,0.0,57.79615384615385,47.538653846153835,5.125961538461537,63.66942307692312
328,Yuba,2013,56.47000000000005,6.88,443.7664835164835,10.571153846153841,104.5,21.1,62.84093406593408,100.0,0.0,53.217032967032964,44.34478021978021,4.051098901098898,62.119780219780246
329,Yuba,2014,53.810000000000045,26.379999999999985,411.0054794520548,11.619999999999996,104.3,30.1,64.93013698630143,100.0,9.0,56.821917808219176,47.52438356164388,4.117260273972601,63.00986301369865
330,Yuba,2015,54.67,13.019999999999996,416.14520547945204,11.535342465753418,104.6,27.5,64.00602739726021,100.0,13.0,57.93698630136986,47.33205479452053,4.0254794520547925,63.708493150684966
331,Yuba,2016,51.829999999999984,28.699999999999996,397.7041095890411,11.87260273972603,102.6,28.5,63.419999999999945,100.0,12.0,61.934065934065934,48.49917582417584,4.248493150684934,63.33605633802811
332,Yuba,2017,50.649999999999956,33.790000000000006,391.4820936639118,12.415702479338837,107.2,29.8,63.73774104683202,100.0,14.0,62.31920903954802,48.65112994350284,4.342699724517904,63.71597796143253
333,Yuba,2018,53.660000000000025,29.459999999999997,414.3736263736264,10.895329670329662,102.6,25.1,63.0071428571428,100.0,6.0,56.65934065934066,45.538186813186805,4.0810439560439535,63.53873626373623
334,Yuba,2019,50.31000000000002,38.850000000000016,389.3659217877095,10.772625698324022,102.8,28.5,62.072067039106145,99.0,7.0,57.332402234636874,45.23156424581004,4.482681564245802,62.480446927374345
335,Yuba,2020,43.9,9.42,453.8488372093023,10.947674418604649,109.2,29.8,65.56240310077516,97.0,6.0,52.28294573643411,45.88914728682171,4.168604651162792,64.26782945736431
8,Mono,2014,0.0,12.079999999999995,381.93037974683546,5.827848101265823,97.4,10.4,54.297402597402595,100.0,4.0,42.94155844155844,30.024836601307186,7.3246835443038,57.210126582278484
9,Mono,2015,0.0,37.040000000000006,415.11570247933884,5.773553719008262,96.3,-1.8,50.87257617728527,100.0,4.0,47.125,28.975277777777784,6.8487603305785125,51.67793296089387
10,Mono,2016,0.0,57.91000000000001,443.2103825136612,5.16857923497268,98.7,-3.6,50.71284153005471,100.0,4.0,44.50273224043716,26.830601092896174,7.88142076502733,49.26311475409839
11,Mono,2017,0.0,92.32000000000002,433.62191780821917,5.809863013698627,97.1,2.4,49.55972602739725,98.0,5.0,48.16528925619835,28.997520661157036,7.646027397260282,51.19196675900278
12,Mono,2019,33.82999999999998,5.56,460.73056994818654,5.764766839378233,92.0,4.6,50.38860103626944,99.0,9.0,46.461139896373055,28.563730569948163,7.091191709844557,51.31917098445599
13,Mono,2020,47.240000000000016,7.599999999999998,494.196,5.687200000000001,95.5,2.6,51.297999999999966,99.0,7.0,44.064,28.673199999999994,7.627999999999998,50.794799999999974
22,Plumas,2013,51.43999999999999,9.329999999999998,427.1923076923077,11.56868131868132,105.5,19.4,59.51895604395608,100.0,0.0,62.78512396694215,46.00909090909088,3.3604395604395605,60.376373626373635
23,Plumas,2014,49.39000000000004,21.59,414.62258953168043,13.954419889502775,115.1,27.4,62.99972375690607,100.0,0.0,69.18571428571428,51.04057142857136,3.176584022038566,61.80550964187328
24,Plumas,2015,80.61999999999989,13.549999999999997,430.5943060498221,12.021428571428583,106.8,23.6,62.68425760286227,100.0,0.0,69.6135831381733,48.82599531615919,3.2555309734513265,64.55284697508898
25,Plumas,2016,99.74999999999997,47.140000000000015,423.6693989071038,13.42745901639343,110.5,25.3,62.134289617486345,100.0,13.0,69.1440329218107,51.221262002743465,3.6290983606557403,63.185928961748594
26,Plumas,2017,104.45999999999994,44.00000000000003,425.8767123287671,13.77506849315071,115.4,27.8,63.31854395604391,100.0,12.0,66.7726618705036,50.14633093525182,3.899452054794521,62.79657534246579
27,Plumas,2018,95.48000000000003,34.37000000000002,423.3391557496361,12.655895196506554,115.9,22.6,61.461572052401756,100.0,1.0,65.58951965065502,49.0049490538573,3.512227074235805,61.89650655021844
28,Plumas,2019,98.34000000000007,56.600000000000016,424.3328729281768,12.621132596685092,103.9,26.7,60.62707182320437,100.0,1.0,67.6671270718232,49.05676795580114,3.685911602209949,61.37334254143648
29,Plumas,2020,91.35,9.439999999999994,484.508896797153,14.02989323843416,109.7,28.5,64.73932384341644,100.0,8.0,64.3540925266904,51.72384341637011,3.5562277580071147,64.93914590747336
30,Glenn,2016,16.029999999999998,5.510000000000001,342.9862068965517,12.123308270676695,102.6,25.7,59.486206896551714,100.0,13.0,72.71428571428571,48.61278195488724,4.4030075187969935,61.64620689655175
31,Glenn,2017,54.20999999999998,16.750000000000018,412.53972602739725,12.781095890410949,109.0,26.9,62.219999999999985,100.0,10.0,64.94722222222222,49.01611111111111,5.470684931506853,61.73013698630143
32,Glenn,2018,52.74000000000001,9.269999999999998,406.6343490304709,12.259833795013858,103.2,21.8,61.29390581717449,100.0,8.0,63.85872576177285,47.93684210526319,5.0146814404432165,61.60110803324097
33,Glenn,2019,52.79000000000004,19.290000000000003,430.23512747875355,12.798866855524084,109.2,26.8,61.18583569405101,100.0,0.0,67.6798866855524,49.266855524079354,5.5878186968838515,62.32407932011334
34,Glenn,2020,46.42000000000001,1.6500000000000001,481.96062992125985,13.354724409448826,109.5,29.2,64.56929133858267,100.0,12.0,62.06299212598425,50.34015748031498,5.464173228346451,63.61456692913386
51,Madera,2013,504.3999999999992,23.589999999999982,459.08089500860586,10.266792842395057,109.1,13.9,62.67023399862347,100.0,6.0,53.01776384535005,43.453187042842075,4.598176187198896,62.66254733218598
52,Madera,2014,507.32999999999873,50.57000000000002,451.1370100589664,10.69812695109263,110.2,25.7,65.57390700902164,100.0,1.0,51.70107751129649,45.08022245394502,4.622199098161635,65.0650589868147
53,Madera,2015,487.81999999999937,44.990000000000045,437.3397326019883,10.493555022283171,108.8,22.7,64.29053822420276,100.0,0.0,53.582874828060525,44.826134800550136,4.440829619472066,64.65936420179688
54,Madera,2016,492.14000000000004,83.72000000000001,442.55122950819674,10.415027322404375,109.9,23.9,64.09067622950799,100.0,0.0,54.42950481430537,44.95381705639607,4.422096994535517,65.11360568383652
55,Madera,2017,486.0099999999991,74.32999999999997,428.9989708404803,10.400205831903946,114.8,19.3,63.94404802744429,100.0,6.0,52.687133494308384,44.34936184891343,4.642469982847339,65.22088339222604
56,Madera,2018,484.2999999999995,58.330000000000005,459.4931746587329,10.396009800490022,106.7,22.7,63.64784739236967,100.0,0.0,53.16135806790339,44.4140357017851,4.296394819741001,64.42849142457133
57,Madera,2019,465.42999999999955,77.31000000000003,464.2555034283652,10.797149043666558,108.7,22.8,63.23367015517857,100.0,1.0,55.79971129556117,45.394117647058785,4.5240346445326685,64.73922771562614
58,Madera,2020,377.2300000000009,31.659999999999975,522.5784823284823,11.409355509355503,112.8,21.8,66.54106029106033,100.0,0.0,52.9054054054054,46.96003118503124,4.598336798336798,67.7939708939708
59,Del Norte,2019,12.209999999999983,12.069999999999997,314.3943661971831,12.729577464788736,78.2,29.6,53.592253521126736,100.0,36.0,88.7605633802817,50.28169014084508,5.2098591549295765,58.56971830985916
60,Del Norte,2020,28.55000000000002,16.24,414.4828897338403,12.501140684410641,78.2,29.2,52.410266159695766,100.0,49.0,91.24809160305344,49.84961832061065,5.41749049429658,58.76197718631177
117,Mariposa,2013,118.82000000000008,44.83,454.06280193236717,10.074095238095243,107.3,13.7,59.92180952380953,100.0,6.0,56.64380952380952,43.34247619047616,4.764,63.372545281220226
118,Mariposa,2014,119.65000000000003,22.590000000000003,437.4097158570119,10.55288725939505,106.4,20.7,62.67442713107241,100.0,5.0,55.942254812098994,45.13033913840516,4.674382433668801,65.50678776290633
119,Mariposa,2015,109.3800000000001,26.15000000000002,428.65625,10.413431462741476,106.3,19.3,61.508003679852806,100.0,8.0,58.0,44.82677746999078,3.857904411764707,65.09372659176029
120,Mariposa,2016,114.51999999999994,38.730000000000004,435.44197292069634,10.947292069632512,106.7,20.4,61.670212765957466,100.0,7.0,60.72594752186589,46.368513119533425,4.497678916827851,65.62865440464675
121,Mariposa,2017,112.47999999999996,31.540000000000006,435.70512820512823,11.251559633027524,108.9,19.0,61.5333643122676,100.0,6.0,61.08075117370892,46.62638497652582,4.506868131868137,64.14316279069772
122,Mariposa,2018,112.13000000000001,18.229999999999997,439.55354659248957,11.346036161335185,103.2,18.6,60.73699582753829,100.0,11.0,63.04311543810849,46.95424200278172,4.4095966620306,60.360917941585484
123,Mariposa,2019,108.45999999999992,27.220000000000006,439.4726507713885,11.5765778401122,104.8,22.9,60.41122019635339,100.0,14.0,64.57363253856943,47.47755960729312,4.600701262272093,61.62917251051892
124,Mariposa,2020,80.89000000000001,7.840000000000001,488.07234042553193,12.120425531914892,105.7,23.0,62.69042553191494,100.0,14.0,62.714893617021275,48.74659574468083,4.824680851063832,60.70361702127653
157,Sierra,2013,56.37999999999996,5.700000000000001,429.4340659340659,9.8423076923077,106.6,26.4,62.42609890109892,100.0,10.0,50.901685393258425,42.3699438202247,3.4634615384615386,62.84835164835167
158,Sierra,2014,54.40000000000001,34.29,405.9397260273973,10.480821917808223,106.5,25.9,64.71643835616443,100.0,8.0,52.73278236914601,44.84462809917357,3.0978082191780847,64.33765432098755
159,Sierra,2015,55.15,15.489999999999997,413.85753424657537,10.233698630136978,105.6,27.8,63.70383561643833,100.0,8.0,53.31129476584022,44.23884297520658,3.112054794520549,64.72096317280455
160,Sierra,2016,52.92000000000004,37.26999999999999,394.6986301369863,10.484972677595634,105.8,30.7,63.1508196721312,100.0,8.0,56.964285714285715,45.24642857142858,3.115300546448086,63.725956284152964
161,Sierra,2017,49.37999999999995,43.19000000000002,361.0383561643836,10.722465753424661,108.0,29.9,63.26000000000001,100.0,9.0,56.229050279329606,45.08100558659218,2.6287671232876706,65.22066115702478
162,Sierra,2018,51.82000000000004,23.449999999999992,382.0138888888889,10.000555555555549,103.7,27.2,62.48027777777778,100.0,7.0,54.236111111111114,43.46833333333337,3.3316666666666657,63.96944444444446
163,Sierra,2019,50.83999999999996,38.35000000000001,402.1735537190083,10.72782369146006,103.1,28.2,61.747382920110184,100.0,8.0,58.37190082644628,45.27134986225893,3.355647382920112,65.80303030303031
164,Sierra,2020,46.42,13.079999999999995,491.57414448669203,10.908365019011406,108.1,28.3,64.96844106463875,100.0,8.0,53.72243346007605,45.972623574144514,3.2342205323193904,66.36387832699619
205,Calaveras,2013,56.74999999999996,3.7600000000000002,459.239010989011,11.231043956043955,103.8,21.2,59.57197802197799,100.0,16.0,62.77197802197802,46.18956043956045,4.4087912087912065,60.72829670329675
206,Calaveras,2014,54.090000000000025,13.619999999999997,432.70054945054943,12.462087912087897,102.1,25.6,61.94368131868135,100.0,15.0,65.82417582417582,49.532967032966994,4.229945054945057,62.612912087912086
207,Calaveras,2015,57.410000000000025,8.749999999999998,400.84123222748815,11.956398104265409,103.1,22.4,59.1473933649289,100.0,15.0,69.3040380047506,48.21995249406173,4.413270142180096,61.48151658767771
208,Calaveras,2016,163.15000000000018,50.54,440.7598130841121,13.034828244274825,104.9,23.9,62.042429906542026,100.0,2.0,69.74376199616123,51.000000000000014,4.5938095238095205,62.252335557673895
209,Calaveras,2017,220.03000000000063,63.52000000000001,433.4948096885813,12.284290657439431,108.9,24.6,61.27986159169543,100.0,0.0,67.2084241103849,49.338852578068185,4.830795847750865,61.642222222222166
210,Calaveras,2018,207.0100000000003,43.26000000000002,438.008064516129,12.047800586510238,113.1,23.6,60.280351906158415,100.0,0.0,67.05351906158357,47.83453079178885,4.702785923753664,60.420821114369424
211,Calaveras,2019,211.07000000000016,59.89000000000002,439.95762711864404,12.281355932203375,104.7,23.8,60.18128531073453,100.0,0.0,68.79237288135593,49.03170903954805,4.930014124293791,60.783686440678046
212,Calaveras,2020,224.7599999999999,20.539999999999992,517.03664495114,12.763762214983707,108.6,27.3,63.35570032573291,100.0,12.0,64.3957654723127,50.19486970684036,4.666693811074915,63.24511400651469
249,Lassen,2013,92.75000000000011,18.709999999999994,429.9792817679558,8.154820936639119,112.3,-13.4,54.40509641873277,100.0,8.0,54.41460055096419,36.79297520661157,4.0756198347107535,56.728512396694256
250,Lassen,2014,104.41000000000011,53.71000000000001,401.9958791208791,8.703150684931515,110.7,10.7,57.5130136986302,98.0,4.0,56.23300970873787,39.612205270457736,4.021232876712325,58.241285714285695
251,Lassen,2015,91.19000000000001,36.84,407.43013698630136,8.82657534246575,112.8,8.1,57.35287671232877,98.0,4.0,56.59778085991678,39.97600554785019,3.9805479452054797,56.884664536741234
252,Lassen,2016,48.60000000000002,77.80000000000004,393.27906976744185,9.104371584699463,110.2,7.8,56.20382513661196,98.0,6.0,60.925925925925924,41.03401920438957,4.031967213114752,58.51029619181948
253,Lassen,2017,47.37,77.76999999999998,396.8434065934066,9.15424657534247,111.8,-12.3,56.21275720164609,100.0,8.0,59.944134078212294,40.392318435754156,3.9734246575342427,56.86724890829697
254,Lassen,2018,102.29000000000009,30.349999999999987,458.6175115207373,9.31566820276497,108.6,10.0,58.39631336405533,100.0,5.0,55.99231950844854,40.98448540706598,3.8731182795698906,59.14454685099844
255,Lassen,2019,100.24999999999994,77.29999999999997,424.8567493112948,9.264738292011025,105.7,1.3,55.07451790633608,100.0,6.0,62.38980716253444,40.79972451790633,4.1668044077134985,56.40909090909085
256,Lassen,2020,89.53000000000002,24.000000000000004,490.87476280834915,9.730170777988622,111.4,14.2,59.0878557874763,100.0,6.0,56.62618595825427,42.110436432637584,4.298481973434534,59.77153700189755
281,Tuolumne,2013,174.53000000000043,10.539999999999987,451.2197802197802,10.936721611721609,104.1,20.9,59.58007380073795,99.0,0.0,61.117158671586715,45.477952029520296,4.918956043956049,61.116300366300365
282,Tuolumne,2014,170.3100000000004,29.980000000000004,435.8731343283582,11.995153774464127,104.7,24.8,62.423299161230204,100.0,0.0,62.69209039548023,48.42016965127238,4.996272134203173,63.25075901328268
283,Tuolumne,2015,167.0100000000001,19.00999999999999,426.30438756855574,12.096340347666972,104.1,19.1,61.33354779411755,100.0,13.0,65.39162790697675,48.63953488372094,4.8950684931506805,62.126700507614245
284,Tuolumne,2016,168.10000000000005,42.629999999999995,437.58874878758485,11.841148325358866,103.6,23.4,61.95277777777773,100.0,13.0,63.88331726133076,48.47810993249757,5.010526315789469,63.61206896551715
285,Tuolumne,2017,165.81000000000031,32.839999999999996,422.8541666666667,12.065118483412327,106.5,23.3,61.634185606060626,100.0,10.0,64.74540174249758,48.26611810261384,4.997821969696972,62.092323232323196
286,Tuolumne,2018,146.08000000000007,32.87,421.1643286573146,11.413527054108217,102.0,22.3,59.42224448897788,100.0,0.0,65.85370741482966,46.977655310621216,4.834268537074147,60.74779559118241
287,Tuolumne,2019,158.09999999999997,41.69000000000004,446.04820415879016,12.820132325141776,101.5,24.6,60.777977315689846,100.0,0.0,70.16446124763705,50.1052930056711,4.785255198487716,61.46294896030247
288,Tuolumne,2020,122.36000000000006,11.70999999999999,503.92917847025495,13.451274787535391,113.1,24.9,62.97167138810202,100.0,0.0,67.60906515580737,51.08966005665724,4.748158640226624,61.96798866855525
249,Trinity,2013,92.75000000000011,18.709999999999994,429.9792817679558,8.154820936639119,112.3,-13.4,54.40509641873277,100.0,8.0,54.41460055096419,36.79297520661157,4.0756198347107535,56.728512396694256
250,Trinity,2014,104.41000000000011,53.71000000000001,401.9958791208791,8.703150684931515,110.7,10.7,57.5130136986302,98.0,4.0,56.23300970873787,39.612205270457736,4.021232876712325,58.241285714285695
251,Trinity,2015,91.19000000000001,36.84,407.43013698630136,8.82657534246575,112.8,8.1,57.35287671232877,98.0,4.0,56.59778085991678,39.97600554785019,3.9805479452054797,56.884664536741234
252,Trinity,2016,48.60000000000002,77.80000000000004,393.27906976744185,9.104371584699463,110.2,7.8,56.20382513661196,98.0,6.0,60.925925925925924,41.03401920438957,4.031967213114752,58.51029619181948
253,Trinity,2017,47.37,77.76999999999998,396.8434065934066,9.15424657534247,111.8,-12.3,56.21275720164609,100.0,8.0,59.944134078212294,40.392318435754156,3.9734246575342427,56.86724890829697
254,Trinity,2018,102.29000000000009,30.349999999999987,458.6175115207373,9.31566820276497,108.6,10.0,58.39631336405533,100.0,5.0,55.99231950844854,40.98448540706598,3.8731182795698906,59.14454685099844
255,Trinity,2019,100.24999999999994,77.29999999999997,424.8567493112948,9.264738292011025,105.7,1.3,55.07451790633608,100.0,6.0,62.38980716253444,40.79972451790633,4.1668044077134985,56.40909090909085
256,Trinity,2020,89.53000000000002,24.000000000000004,490.87476280834915,9.730170777988622,111.4,14.2,59.0878557874763,100.0,6.0,56.62618595825427,42.110436432637584,4.298481973434534,59.77153700189755
30,Lake,2016,16.029999999999998,5.510000000000001,342.9862068965517,12.123308270676695,102.6,25.7,59.486206896551714,100.0,13.0,72.71428571428571,48.61278195488724,4.4030075187969935,61.64620689655175
31,Lake,2017,54.20999999999998,16.750000000000018,412.53972602739725,12.781095890410949,109.0,26.9,62.219999999999985,100.0,10.0,64.94722222222222,49.01611111111111,5.470684931506853,61.73013698630143
32,Lake,2018,52.74000000000001,9.269999999999998,406.6343490304709,12.259833795013858,103.2,21.8,61.29390581717449,100.0,8.0,63.85872576177285,47.93684210526319,5.0146814404432165,61.60110803324097
33,Lake,2019,52.79000000000004,19.290000000000003,430.23512747875355,12.798866855524084,109.2,26.8,61.18583569405101,100.0,0.0,67.6798866855524,49.266855524079354,5.5878186968838515,62.32407932011334
34,Lake,2020,46.42000000000001,1.6500000000000001,481.96062992125985,13.354724409448826,109.5,29.2,64.56929133858267,100.0,12.0,62.06299212598425,50.34015748031498,5.464173228346451,63.61456692913386
157,Nevada,2013,56.37999999999996,5.700000000000001,429.4340659340659,9.8423076923077,106.6,26.4,62.42609890109892,100.0,10.0,50.901685393258425,42.3699438202247,3.4634615384615386,62.84835164835167
158,Nevada,2014,54.40000000000001,34.29,405.9397260273973,10.480821917808223,106.5,25.9,64.71643835616443,100.0,8.0,52.73278236914601,44.84462809917357,3.0978082191780847,64.33765432098755
159,Nevada,2015,55.15,15.489999999999997,413.85753424657537,10.233698630136978,105.6,27.8,63.70383561643833,100.0,8.0,53.31129476584022,44.23884297520658,3.112054794520549,64.72096317280455
160,Nevada,2016,52.92000000000004,37.26999999999999,394.6986301369863,10.484972677595634,105.8,30.7,63.1508196721312,100.0,8.0,56.964285714285715,45.24642857142858,3.115300546448086,63.725956284152964
161,Nevada,2017,49.37999999999995,43.19000000000002,361.0383561643836,10.722465753424661,108.0,29.9,63.26000000000001,100.0,9.0,56.229050279329606,45.08100558659218,2.6287671232876706,65.22066115702478
162,Nevada,2018,51.82000000000004,23.449999999999992,382.0138888888889,10.000555555555549,103.7,27.2,62.48027777777778,100.0,7.0,54.236111111111114,43.46833333333337,3.3316666666666657,63.96944444444446
163,Nevada,2019,50.83999999999996,38.35000000000001,402.1735537190083,10.72782369146006,103.1,28.2,61.747382920110184,100.0,8.0,58.37190082644628,45.27134986225893,3.355647382920112,65.80303030303031
164,Nevada,2020,46.42,13.079999999999995,491.57414448669203,10.908365019011406,108.1,28.3,64.96844106463875,100.0,8.0,53.72243346007605,45.972623574144514,3.2342205323193904,66.36387832699619
